order_year_month,avg_delivery_days,late_pct
2016-09,54.0,25.0
2016-10,19.11111111111111,0.9259259259259258
2016-12,4.0,0.0
2017-01,12.092,2.875
2017-02,12.60617059891107,2.9775280898876404
2017-03,12.395522388059701,5.29455630126771
2017-04,14.35258358662614,7.529118136439268
2017-05,10.760507757404795,3.4594594594594597
2017-06,11.50622009569378,3.728813559322034
2017-07,11.131198347107437,3.303527074018877
2017-08,10.700691628905318,3.2094204571692453
2017-09,11.400722891566264,5.040840140023337
2017-10,11.416927199642698,5.117685165191103
2017-11,14.699506037321624,13.825556733828206
2017-12,14.936695084346091,8.143839238498149
2018-01,13.6372895741972,6.383271426606135
2018-02,16.510677242220865,15.591557669441142
2018-03,15.867485363415678,20.746082374150603
2018-04,11.048543689320388,5.202478743334774
2018-05,10.959105052600385,8.08962607303943
2018-06,8.774442257217848,1.3458731960434571
2018-07,8.503736192332683,4.386522568340751
2018-08,7.286411588726184,10.135135135135135
2018-09,,0.0
2018-10,,0.0
